factor,q1,q2,q3,q4,q5,top_minus_bottom
low_volatility,0.002293278498766602,0.0023106152839886093,0.005955499128582589,0.0029599133523123904,0.004202563752319861,0.0019092852535532586
momentum,0.0034458764320810806,0.0040596286547441495,0.0014526685207533075,0.003112628412351091,0.00475998230763464,0.0013141058755535596
quality,-0.0016838304511098425,0.004493946246955654,0.0025261500658700993,0.00482013942795587,0.007613093595069174,0.009296924046179015
value,0.0004376235054673227,0.004158982174486977,0.003600035481057502,0.004766440894515609,0.0048064168292135424,0.004368793323746219
