factor,mean_rank_ic,rank_ic_std,positive_ic_ratio,observations,icir
momentum,0.0016256578928920936,0.10915565388957986,0.4953271028037383,107,0.01489302509732188
value,0.024818999141293437,0.09377185286937068,0.5689655172413793,116,0.2646742959837603
quality,0.042730583403167904,0.11164841376627731,0.6206896551724138,116,0.3827245006151122
low_volatility,0.011092618695831847,0.10734011201113312,0.5188679245283019,106,0.10334085262256239
